928,ANAHEIM CA 928 (928)
969,BARRIGADA GU 969 (969)
566,BEMIDJI MN 566 (566)
977,BEND OR 977 (977)
898,ELKO NV 898 (898)
974,EUGENE OR 974 (974)
955,EUREKA CA 955 (955)
997,FAIRBANKS AK 997 (997)
239,FARMVILLE VA 239 (239)
605,FOX VALLEY IL 605 (605)
395,GULFPORT MS 395 (395)
394,HATTIESBURG MS 394 (394)
998,JUNEAU AK 998 (998)
999,KETCHIKAN AK 999 (999)
469,KOKOMO IN 469 (469)
546,LA CROSSE WI 546 (546)
479,LAFAYETTE IN 479 (479)
785,MCALLEN TX 785 (785)
797,MIDLAND TX 797 (797)
473,MUNCIE IN 473 (473)
24,NORTHWEST BOS MA 024 (24)
420,PADUCAH KY 420 (420)
978,PENDLETON OR 978 (978)
577,RAPID CITY SD 577 (577)
960,REDDING CA 960 (960)
604,S SUBURBAN IL 604 (604)
768,"SCF ABILENE TX 795 (768, 769, 795, 796)"
769,"SCF ABILENE TX 795 (768, 769, 795, 796)"
795,"SCF ABILENE TX 795 (768, 769, 795, 796)"
796,"SCF ABILENE TX 795 (768, 769, 795, 796)"
442,"SCF AKRON OH 442 (442, 443, 446, 447)"
443,"SCF AKRON OH 442 (442, 443, 446, 447)"
446,"SCF AKRON OH 442 (442, 443, 446, 447)"
447,"SCF AKRON OH 442 (442, 443, 446, 447)"
120,"SCF ALBANY NY 120 (120-123, 128, 129)"
121,"SCF ALBANY NY 120 (120-123, 128, 129)"
122,"SCF ALBANY NY 120 (120-123, 128, 129)"
123,"SCF ALBANY NY 120 (120-123, 128, 129)"
128,"SCF ALBANY NY 120 (120-123, 128, 129)"
129,"SCF ALBANY NY 120 (120-123, 128, 129)"
813,"SCF ALBUQUERQUE NM 870 (813, 865, 870, 871, 873-879, 884)"
865,"SCF ALBUQUERQUE NM 870 (813, 865, 870, 871, 873-879, 884)"
870,"SCF ALBUQUERQUE NM 870 (813, 865, 870, 871, 873-879, 884)"
871,"SCF ALBUQUERQUE NM 870 (813, 865, 870, 871, 873-879, 884)"
873,"SCF ALBUQUERQUE NM 870 (813, 865, 870, 871, 873-879, 884)"
874,"SCF ALBUQUERQUE NM 870 (813, 865, 870, 871, 873-879, 884)"
875,"SCF ALBUQUERQUE NM 870 (813, 865, 870, 871, 873-879, 884)"
876,"SCF ALBUQUERQUE NM 870 (813, 865, 870, 871, 873-879, 884)"
877,"SCF ALBUQUERQUE NM 870 (813, 865, 870, 871, 873-879, 884)"
878,"SCF ALBUQUERQUE NM 870 (813, 865, 870, 871, 873-879, 884)"
879,"SCF ALBUQUERQUE NM 870 (813, 865, 870, 871, 873-879, 884)"
884,"SCF ALBUQUERQUE NM 870 (813, 865, 870, 871, 873-879, 884)"
679,"SCF AMARILLO TX 790 (679, 739, 790-792)"
739,"SCF AMARILLO TX 790 (679, 739, 790-792)"
790,"SCF AMARILLO TX 790 (679, 739, 790-792)"
791,"SCF AMARILLO TX 790 (679, 739, 790-792)"
792,"SCF AMARILLO TX 790 (679, 739, 790-792)"
995,"SCF ANCHORAGE AK 995 (995, 996)"
996,"SCF ANCHORAGE AK 995 (995, 996)"
287,SCF ASHEVILLE NC 287 (287-289)
288,SCF ASHEVILLE NC 287 (287-289)
289,SCF ASHEVILLE NC 287 (287-289)
301,"SCF ATLANTA GA 303 (301-303, 311, 399)"
302,"SCF ATLANTA GA 303 (301-303, 311, 399)"
303,"SCF ATLANTA GA 303 (301-303, 311, 399)"
311,"SCF ATLANTA GA 303 (301-303, 311, 399)"
399,"SCF ATLANTA GA 303 (301-303, 311, 399)"
298,"SCF AUGUSTA GA 308 (298, 308, 309)"
308,"SCF AUGUSTA GA 308 (298, 308, 309)"
309,"SCF AUGUSTA GA 308 (298, 308, 309)"
733,"SCF AUSTIN TX 786 (733, 765, 786, 787, 789)"
765,"SCF AUSTIN TX 786 (733, 765, 786, 787, 789)"
786,"SCF AUSTIN TX 786 (733, 765, 786, 787, 789)"
787,"SCF AUSTIN TX 786 (733, 765, 786, 787, 789)"
789,"SCF AUSTIN TX 786 (733, 765, 786, 787, 789)"
932,"SCF BAKERSFIELD CA 932 (932, 933, 935)"
933,"SCF BAKERSFIELD CA 932 (932, 933, 935)"
935,"SCF BAKERSFIELD CA 932 (932, 933, 935)"
212,"SCF BALTIMORE MD 212 (212, 215, 217, 219, 254, 267)"
215,"SCF BALTIMORE MD 212 (212, 215, 217, 219, 254, 267)"
217,"SCF BALTIMORE MD 212 (212, 215, 217, 219, 254, 267)"
219,"SCF BALTIMORE MD 212 (212, 215, 217, 219, 254, 267)"
254,"SCF BALTIMORE MD 212 (212, 215, 217, 219, 254, 267)"
267,"SCF BALTIMORE MD 212 (212, 215, 217, 219, 254, 267)"
707,"SCF BATON ROUGE LA 707 (707, 708)"
708,"SCF BATON ROUGE LA 707 (707, 708)"
776,"SCF BEAUMONT TX 776 (776, 777)"
777,"SCF BEAUMONT TX 776 (776, 777)"
590,"SCF BILLINGS MT 590 (590-593, 597, 821)"
591,"SCF BILLINGS MT 590 (590-593, 597, 821)"
592,"SCF BILLINGS MT 590 (590-593, 597, 821)"
593,"SCF BILLINGS MT 590 (590-593, 597, 821)"
597,"SCF BILLINGS MT 590 (590-593, 597, 821)"
821,"SCF BILLINGS MT 590 (590-593, 597, 821)"
350,"SCF BIRMINGHAM AL 350 (350-352, 354-359, 362)"
351,"SCF BIRMINGHAM AL 350 (350-352, 354-359, 362)"
352,"SCF BIRMINGHAM AL 350 (350-352, 354-359, 362)"
354,"SCF BIRMINGHAM AL 350 (350-352, 354-359, 362)"
355,"SCF BIRMINGHAM AL 350 (350-352, 354-359, 362)"
356,"SCF BIRMINGHAM AL 350 (350-352, 354-359, 362)"
357,"SCF BIRMINGHAM AL 350 (350-352, 354-359, 362)"
358,"SCF BIRMINGHAM AL 350 (350-352, 354-359, 362)"
359,"SCF BIRMINGHAM AL 350 (350-352, 354-359, 362)"
362,"SCF BIRMINGHAM AL 350 (350-352, 354-359, 362)"
576,"SCF BISMARCK ND 585 (576, 585, 586)"
585,"SCF BISMARCK ND 585 (576, 585, 586)"
586,"SCF BISMARCK ND 585 (576, 585, 586)"
833,"SCF BOISE ID 836 (833, 836, 837, 979)"
836,"SCF BOISE ID 836 (833, 836, 837, 979)"
837,"SCF BOISE ID 836 (833, 836, 837, 979)"
979,"SCF BOISE ID 836 (833, 836, 837, 979)"
21,"SCF BOSTON MA 021 (021, 022)"
22,"SCF BOSTON MA 021 (021, 022)"
20,"SCF BROCKTON MA 023 (020, 023)"
23,"SCF BROCKTON MA 023 (020, 023)"
103,"SCF BROOKLYN NY 112 (103, 112, 116)"
112,"SCF BROOKLYN NY 112 (103, 112, 116)"
116,"SCF BROOKLYN NY 112 (103, 112, 116)"
140,"SCF BUFFALO NY 140 (140-143, 147)"
141,"SCF BUFFALO NY 140 (140-143, 147)"
142,"SCF BUFFALO NY 140 (140-143, 147)"
143,"SCF BUFFALO NY 140 (140-143, 147)"
147,"SCF BUFFALO NY 140 (140-143, 147)"
54,"SCF BURLINGTON VT 054 (054, 056)"
56,"SCF BURLINGTON VT 054 (054, 056)"
413,"SCF CAMPTON KY 413 (413, 414)"
414,"SCF CAMPTON KY 413 (413, 414)"
636,SCF CAPE GIRARDEAU MO 637 (636-639)
637,SCF CAPE GIRARDEAU MO 637 (636-639)
638,SCF CAPE GIRARDEAU MO 637 (636-639)
639,SCF CAPE GIRARDEAU MO 637 (636-639)
601,"SCF CAROL STREAM IL 601 (601, 603)"
603,"SCF CAROL STREAM IL 601 (601, 603)"
824,SCF CASPER WY 826 (824-828)
825,SCF CASPER WY 826 (824-828)
826,SCF CASPER WY 826 (824-828)
827,SCF CASPER WY 826 (824-828)
828,SCF CASPER WY 826 (824-828)
520,"SCF CEDAR RAPIDS IA 522 (520, 522-524)"
522,"SCF CEDAR RAPIDS IA 522 (520, 522-524)"
523,"SCF CEDAR RAPIDS IA 522 (520, 522-524)"
524,"SCF CEDAR RAPIDS IA 522 (520, 522-524)"
13,SCF CENTRAL MA 015 (013-017)
14,SCF CENTRAL MA 015 (013-017)
15,SCF CENTRAL MA 015 (013-017)
16,SCF CENTRAL MA 015 (013-017)
17,SCF CENTRAL MA 015 (013-017)
609,"SCF CHAMPAIGN IL 618 (609, 617-619, 624)"
617,"SCF CHAMPAIGN IL 618 (609, 617-619, 624)"
618,"SCF CHAMPAIGN IL 618 (609, 617-619, 624)"
619,"SCF CHAMPAIGN IL 618 (609, 617-619, 624)"
624,"SCF CHAMPAIGN IL 618 (609, 617-619, 624)"
294,"SCF CHARLESTON SC 294 (294, 299)"
299,"SCF CHARLESTON SC 294 (294, 299)"
246,"SCF CHARLESTON WV 250 (246-253, 255-259, 261-264, 266, 411, 412, 415, 416)"
247,"SCF CHARLESTON WV 250 (246-253, 255-259, 261-264, 266, 411, 412, 415, 416)"
248,"SCF CHARLESTON WV 250 (246-253, 255-259, 261-264, 266, 411, 412, 415, 416)"
249,"SCF CHARLESTON WV 250 (246-253, 255-259, 261-264, 266, 411, 412, 415, 416)"
250,"SCF CHARLESTON WV 250 (246-253, 255-259, 261-264, 266, 411, 412, 415, 416)"
251,"SCF CHARLESTON WV 250 (246-253, 255-259, 261-264, 266, 411, 412, 415, 416)"
252,"SCF CHARLESTON WV 250 (246-253, 255-259, 261-264, 266, 411, 412, 415, 416)"
253,"SCF CHARLESTON WV 250 (246-253, 255-259, 261-264, 266, 411, 412, 415, 416)"
255,"SCF CHARLESTON WV 250 (246-253, 255-259, 261-264, 266, 411, 412, 415, 416)"
256,"SCF CHARLESTON WV 250 (246-253, 255-259, 261-264, 266, 411, 412, 415, 416)"
257,"SCF CHARLESTON WV 250 (246-253, 255-259, 261-264, 266, 411, 412, 415, 416)"
258,"SCF CHARLESTON WV 250 (246-253, 255-259, 261-264, 266, 411, 412, 415, 416)"
259,"SCF CHARLESTON WV 250 (246-253, 255-259, 261-264, 266, 411, 412, 415, 416)"
261,"SCF CHARLESTON WV 250 (246-253, 255-259, 261-264, 266, 411, 412, 415, 416)"
262,"SCF CHARLESTON WV 250 (246-253, 255-259, 261-264, 266, 411, 412, 415, 416)"
263,"SCF CHARLESTON WV 250 (246-253, 255-259, 261-264, 266, 411, 412, 415, 416)"
264,"SCF CHARLESTON WV 250 (246-253, 255-259, 261-264, 266, 411, 412, 415, 416)"
266,"SCF CHARLESTON WV 250 (246-253, 255-259, 261-264, 266, 411, 412, 415, 416)"
411,"SCF CHARLESTON WV 250 (246-253, 255-259, 261-264, 266, 411, 412, 415, 416)"
412,"SCF CHARLESTON WV 250 (246-253, 255-259, 261-264, 266, 411, 412, 415, 416)"
415,"SCF CHARLESTON WV 250 (246-253, 255-259, 261-264, 266, 411, 412, 415, 416)"
416,"SCF CHARLESTON WV 250 (246-253, 255-259, 261-264, 266, 411, 412, 415, 416)"
280,"SCF CHARLOTTE NC 280 (280-282, 297)"
281,"SCF CHARLOTTE NC 280 (280-282, 297)"
282,"SCF CHARLOTTE NC 280 (280-282, 297)"
297,"SCF CHARLOTTE NC 280 (280-282, 297)"
307,"SCF CHATTANOOGA TN 373 (307, 373, 374)"
373,"SCF CHATTANOOGA TN 373 (307, 373, 374)"
374,"SCF CHATTANOOGA TN 373 (307, 373, 374)"
820,"SCF CHEYENNE WY 820 (820, 822, 823)"
822,"SCF CHEYENNE WY 820 (820, 822, 823)"
823,"SCF CHEYENNE WY 820 (820, 822, 823)"
606,SCF CHICAGO IL 606 (606-608)
607,SCF CHICAGO IL 606 (606-608)
608,SCF CHICAGO IL 606 (606-608)
410,"SCF CINCINNATI OH 450 (410, 450-452, 459, 470)"
450,"SCF CINCINNATI OH 450 (410, 450-452, 459, 470)"
451,"SCF CINCINNATI OH 450 (410, 450-452, 459, 470)"
452,"SCF CINCINNATI OH 450 (410, 450-452, 459, 470)"
459,"SCF CINCINNATI OH 450 (410, 450-452, 459, 470)"
470,"SCF CINCINNATI OH 450 (410, 450-452, 459, 470)"
440,"SCF CLEVELAND OH 440 (440, 441, 444, 445, 448, 449)"
441,"SCF CLEVELAND OH 440 (440, 441, 444, 445, 448, 449)"
444,"SCF CLEVELAND OH 440 (440, 441, 444, 445, 448, 449)"
445,"SCF CLEVELAND OH 440 (440, 441, 444, 445, 448, 449)"
448,"SCF CLEVELAND OH 440 (440, 441, 444, 445, 448, 449)"
449,"SCF CLEVELAND OH 440 (440, 441, 444, 445, 448, 449)"
808,SCF COLORADO SPGS CO 808 (808-810)
809,SCF COLORADO SPGS CO 808 (808-810)
810,SCF COLORADO SPGS CO 808 (808-810)
290,"SCF COLUMBIA SC 290 (290-292, 295)"
291,"SCF COLUMBIA SC 290 (290-292, 295)"
292,"SCF COLUMBIA SC 290 (290-292, 295)"
295,"SCF COLUMBIA SC 290 (290-292, 295)"
430,"SCF COLUMBUS OH 430 (430-433, 437, 438, 456-458)"
431,"SCF COLUMBUS OH 430 (430-433, 437, 438, 456-458)"
432,"SCF COLUMBUS OH 430 (430-433, 437, 438, 456-458)"
433,"SCF COLUMBUS OH 430 (430-433, 437, 438, 456-458)"
437,"SCF COLUMBUS OH 430 (430-433, 437, 438, 456-458)"
438,"SCF COLUMBUS OH 430 (430-433, 437, 438, 456-458)"
456,"SCF COLUMBUS OH 430 (430-433, 437, 438, 456-458)"
457,"SCF COLUMBUS OH 430 (430-433, 437, 438, 456-458)"
458,"SCF COLUMBUS OH 430 (430-433, 437, 438, 456-458)"
779,"SCF CORPUS CHRISTI TX 783 (779, 783, 784)"
783,"SCF CORPUS CHRISTI TX 783 (779, 783, 784)"
784,"SCF CORPUS CHRISTI TX 783 (779, 783, 784)"
572,SCF DAKOTA CENTRAL SD 572 (572-575)
573,SCF DAKOTA CENTRAL SD 572 (572-575)
574,SCF DAKOTA CENTRAL SD 572 (572-575)
575,SCF DAKOTA CENTRAL SD 572 (572-575)
751,SCF DALLAS TX 752 (751-753)
752,SCF DALLAS TX 752 (751-753)
753,SCF DALLAS TX 752 (751-753)
453,SCF DAYTON OH 453 (453-455)
454,SCF DAYTON OH 453 (453-455)
455,SCF DAYTON OH 453 (453-455)
800,"SCF DENVER CO 800 (800-807, 811, 812)"
801,"SCF DENVER CO 800 (800-807, 811, 812)"
802,"SCF DENVER CO 800 (800-807, 811, 812)"
803,"SCF DENVER CO 800 (800-807, 811, 812)"
804,"SCF DENVER CO 800 (800-807, 811, 812)"
805,"SCF DENVER CO 800 (800-807, 811, 812)"
806,"SCF DENVER CO 800 (800-807, 811, 812)"
807,"SCF DENVER CO 800 (800-807, 811, 812)"
811,"SCF DENVER CO 800 (800-807, 811, 812)"
812,"SCF DENVER CO 800 (800-807, 811, 812)"
500,"SCF DES MOINES IA 500 (500-503, 505, 508, 509, 514, 525)"
501,"SCF DES MOINES IA 500 (500-503, 505, 508, 509, 514, 525)"
502,"SCF DES MOINES IA 500 (500-503, 505, 508, 509, 514, 525)"
503,"SCF DES MOINES IA 500 (500-503, 505, 508, 509, 514, 525)"
505,"SCF DES MOINES IA 500 (500-503, 505, 508, 509, 514, 525)"
508,"SCF DES MOINES IA 500 (500-503, 505, 508, 509, 514, 525)"
509,"SCF DES MOINES IA 500 (500-503, 505, 508, 509, 514, 525)"
514,"SCF DES MOINES IA 500 (500-503, 505, 508, 509, 514, 525)"
525,"SCF DES MOINES IA 500 (500-503, 505, 508, 509, 514, 525)"
481,"SCF DETROIT MI 481 (481, 482, 492)"
482,"SCF DETROIT MI 481 (481, 482, 492)"
492,"SCF DETROIT MI 481 (481, 482, 492)"
201,"SCF DULLES VA 201 (201, 226, 227, 268)"
226,"SCF DULLES VA 201 (201, 226, 227, 268)"
227,"SCF DULLES VA 201 (201, 226, 227, 268)"
268,"SCF DULLES VA 201 (201, 226, 227, 268)"
556,SCF DULUTH MN 556 (556-558)
557,SCF DULUTH MN 556 (556-558)
558,SCF DULUTH MN 556 (556-558)
70,"SCF DV DANIELS NJ 070 (070-073, 079, 088, 089)"
71,"SCF DV DANIELS NJ 070 (070-073, 079, 088, 089)"
72,"SCF DV DANIELS NJ 070 (070-073, 079, 088, 089)"
73,"SCF DV DANIELS NJ 070 (070-073, 079, 088, 089)"
79,"SCF DV DANIELS NJ 070 (070-073, 079, 088, 089)"
88,"SCF DV DANIELS NJ 070 (070-073, 079, 088, 089)"
89,"SCF DV DANIELS NJ 070 (070-073, 079, 088, 089)"
44,"SCF EASTERN ME 044 (044, 046, 047, 049)"
46,"SCF EASTERN ME 044 (044, 046, 047, 049)"
47,"SCF EASTERN ME 044 (044, 046, 047, 049)"
49,"SCF EASTERN ME 044 (044, 046, 047, 049)"
216,"SCF EASTERN SHORE MD 216 (216, 218)"
218,"SCF EASTERN SHORE MD 216 (216, 218)"
547,"SCF EAU CLAIRE WI 547 (547, 548)"
548,"SCF EAU CLAIRE WI 547 (547, 548)"
798,"SCF EL PASO TX 798 (798, 799, 880, 883, 885)"
799,"SCF EL PASO TX 798 (798, 799, 880, 883, 885)"
880,"SCF EL PASO TX 798 (798, 799, 880, 883, 885)"
883,"SCF EL PASO TX 798 (798, 799, 880, 883, 885)"
885,"SCF EL PASO TX 798 (798, 799, 880, 883, 885)"
163,"SCF ERIE PA 164 (163-165, 167)"
164,"SCF ERIE PA 164 (163-165, 167)"
165,"SCF ERIE PA 164 (163-165, 167)"
167,"SCF ERIE PA 164 (163-165, 167)"
423,"SCF EVANSVILLE IN 476 (423, 424, 475-477)"
424,"SCF EVANSVILLE IN 476 (423, 424, 475-477)"
475,"SCF EVANSVILLE IN 476 (423, 424, 475-477)"
476,"SCF EVANSVILLE IN 476 (423, 424, 475-477)"
477,"SCF EVANSVILLE IN 476 (423, 424, 475-477)"
565,"SCF FARGO ND 580 (565, 580, 581, 584)"
580,"SCF FARGO ND 580 (565, 580, 581, 584)"
581,"SCF FARGO ND 580 (565, 580, 581, 584)"
584,"SCF FARGO ND 580 (565, 580, 581, 584)"
283,SCF FAYETTEVILLE NC 283 (283-285)
284,SCF FAYETTEVILLE NC 283 (283-285)
285,SCF FAYETTEVILLE NC 283 (283-285)
467,"SCF FORT WAYNE IN 467 (467, 468)"
468,"SCF FORT WAYNE IN 467 (467, 468)"
936,SCF FRESNO CA 936 (936-938)
937,SCF FRESNO CA 936 (936-938)
938,SCF FRESNO CA 936 (936-938)
339,"SCF FT MYERS FL 339 (339, 341)"
341,"SCF FT MYERS FL 339 (339, 341)"
760,"SCF FT WORTH TX 760 (760-764, 766, 767)"
761,"SCF FT WORTH TX 760 (760-764, 766, 767)"
762,"SCF FT WORTH TX 760 (760-764, 766, 767)"
763,"SCF FT WORTH TX 760 (760-764, 766, 767)"
764,"SCF FT WORTH TX 760 (760-764, 766, 767)"
766,"SCF FT WORTH TX 760 (760-764, 766, 767)"
767,"SCF FT WORTH TX 760 (760-764, 766, 767)"
463,"SCF GARY IN 463 (463, 464)"
464,"SCF GARY IN 463 (463, 464)"
567,"SCF GRAND FORKS ND 582 (567, 582, 583)"
582,"SCF GRAND FORKS ND 582 (567, 582, 583)"
583,"SCF GRAND FORKS ND 582 (567, 582, 583)"
688,"SCF GRAND ISLAND NE 688 (688, 689)"
689,"SCF GRAND ISLAND NE 688 (688, 689)"
814,SCF GRAND JUNCTION CO 814 (814-816)
815,SCF GRAND JUNCTION CO 814 (814-816)
816,SCF GRAND JUNCTION CO 814 (814-816)
493,SCF GRAND RAPIDS MI 493 (493-495)
494,SCF GRAND RAPIDS MI 493 (493-495)
495,SCF GRAND RAPIDS MI 493 (493-495)
594,SCF GREAT FALLS MT 594 (594-596)
595,SCF GREAT FALLS MT 594 (594-596)
596,SCF GREAT FALLS MT 594 (594-596)
541,"SCF GREEN BAY WI 541 (541-543, 545)"
542,"SCF GREEN BAY WI 541 (541-543, 545)"
543,"SCF GREEN BAY WI 541 (541-543, 545)"
545,"SCF GREEN BAY WI 541 (541-543, 545)"
270,"SCF GREENSBORO NC 270 (270-274, 286)"
271,"SCF GREENSBORO NC 270 (270-274, 286)"
272,"SCF GREENSBORO NC 270 (270-274, 286)"
273,"SCF GREENSBORO NC 270 (270-274, 286)"
274,"SCF GREENSBORO NC 270 (270-274, 286)"
286,"SCF GREENSBORO NC 270 (270-274, 286)"
293,"SCF GREENVILLE SC 296 (293, 296)"
296,"SCF GREENVILLE SC 296 (293, 296)"
169,"SCF HARRISBURG PA 170 (169-179, 195, 196)"
170,"SCF HARRISBURG PA 170 (169-179, 195, 196)"
171,"SCF HARRISBURG PA 170 (169-179, 195, 196)"
172,"SCF HARRISBURG PA 170 (169-179, 195, 196)"
173,"SCF HARRISBURG PA 170 (169-179, 195, 196)"
174,"SCF HARRISBURG PA 170 (169-179, 195, 196)"
175,"SCF HARRISBURG PA 170 (169-179, 195, 196)"
176,"SCF HARRISBURG PA 170 (169-179, 195, 196)"
177,"SCF HARRISBURG PA 170 (169-179, 195, 196)"
178,"SCF HARRISBURG PA 170 (169-179, 195, 196)"
179,"SCF HARRISBURG PA 170 (169-179, 195, 196)"
195,"SCF HARRISBURG PA 170 (169-179, 195, 196)"
196,"SCF HARRISBURG PA 170 (169-179, 195, 196)"
10,"SCF HARTFORD CT 060 (010-012, 060-065, 067)"
11,"SCF HARTFORD CT 060 (010-012, 060-065, 067)"
12,"SCF HARTFORD CT 060 (010-012, 060-065, 067)"
60,"SCF HARTFORD CT 060 (010-012, 060-065, 067)"
61,"SCF HARTFORD CT 060 (010-012, 060-065, 067)"
63,"SCF HARTFORD CT 060 (010-012, 060-065, 067)"
64,"SCF HARTFORD CT 060 (010-012, 060-065, 067)"
65,"SCF HARTFORD CT 060 (010-012, 060-065, 067)"
67,"SCF HARTFORD CT 060 (010-012, 060-065, 067)"
967,"SCF HONOLULU HI 967 (967, 968)"
968,"SCF HONOLULU HI 967 (967, 968)"
770,"SCF HOUSTON TX 770 (770, 772)"
772,"SCF HOUSTON TX 770 (770, 772)"
460,"SCF INDIANAPOLIS IN 460 (460-462, 472, 474, 478)"
461,"SCF INDIANAPOLIS IN 460 (460-462, 472, 474, 478)"
462,"SCF INDIANAPOLIS IN 460 (460-462, 472, 474, 478)"
472,"SCF INDIANAPOLIS IN 460 (460-462, 472, 474, 478)"
474,"SCF INDIANAPOLIS IN 460 (460-462, 472, 474, 478)"
478,"SCF INDIANAPOLIS IN 460 (460-462, 472, 474, 478)"
906,"SCF INDUSTRY CA 917 (906, 917, 918)"
917,"SCF INDUSTRY CA 917 (906, 917, 918)"
918,"SCF INDUSTRY CA 917 (906, 917, 918)"
498,"SCF IRON MOUNTAIN MI 498 (498, 499)"
499,"SCF IRON MOUNTAIN MI 498 (498, 499)"
369,"SCF JACKSON MS 390 (369, 387, 389-393, 396, 397)"
387,"SCF JACKSON MS 390 (369, 387, 389-393, 396, 397)"
389,"SCF JACKSON MS 390 (369, 387, 389-393, 396, 397)"
390,"SCF JACKSON MS 390 (369, 387, 389-393, 396, 397)"
391,"SCF JACKSON MS 390 (369, 387, 389-393, 396, 397)"
392,"SCF JACKSON MS 390 (369, 387, 389-393, 396, 397)"
393,"SCF JACKSON MS 390 (369, 387, 389-393, 396, 397)"
396,"SCF JACKSON MS 390 (369, 387, 389-393, 396, 397)"
397,"SCF JACKSON MS 390 (369, 387, 389-393, 396, 397)"
313,"SCF JACKSONVILLE FL 320 (313-315, 320, 322, 326, 344)"
314,"SCF JACKSONVILLE FL 320 (313-315, 320, 322, 326, 344)"
315,"SCF JACKSONVILLE FL 320 (313-315, 320, 322, 326, 344)"
320,"SCF JACKSONVILLE FL 320 (313-315, 320, 322, 326, 344)"
322,"SCF JACKSONVILLE FL 320 (313-315, 320, 322, 326, 344)"
326,"SCF JACKSONVILLE FL 320 (313-315, 320, 322, 326, 344)"
344,"SCF JACKSONVILLE FL 320 (313-315, 320, 322, 326, 344)"
155,"SCF JOHNSTOWN PA 159 (155, 157-159, 166, 168)"
157,"SCF JOHNSTOWN PA 159 (155, 157-159, 166, 168)"
158,"SCF JOHNSTOWN PA 159 (155, 157-159, 166, 168)"
159,"SCF JOHNSTOWN PA 159 (155, 157-159, 166, 168)"
166,"SCF JOHNSTOWN PA 159 (155, 157-159, 166, 168)"
168,"SCF JOHNSTOWN PA 159 (155, 157-159, 166, 168)"
490,"SCF KALAMAZOO MI 490 (490, 491)"
491,"SCF KALAMAZOO MI 490 (490, 491)"
640,"SCF KANSAS CITY MO 640 (640, 641, 644-647, 649, 660-662, 664-668)"
641,"SCF KANSAS CITY MO 640 (640, 641, 644-647, 649, 660-662, 664-668)"
644,"SCF KANSAS CITY MO 640 (640, 641, 644-647, 649, 660-662, 664-668)"
645,"SCF KANSAS CITY MO 640 (640, 641, 644-647, 649, 660-662, 664-668)"
646,"SCF KANSAS CITY MO 640 (640, 641, 644-647, 649, 660-662, 664-668)"
647,"SCF KANSAS CITY MO 640 (640, 641, 644-647, 649, 660-662, 664-668)"
649,"SCF KANSAS CITY MO 640 (640, 641, 644-647, 649, 660-662, 664-668)"
660,"SCF KANSAS CITY MO 640 (640, 641, 644-647, 649, 660-662, 664-668)"
661,"SCF KANSAS CITY MO 640 (640, 641, 644-647, 649, 660-662, 664-668)"
662,"SCF KANSAS CITY MO 640 (640, 641, 644-647, 649, 660-662, 664-668)"
664,"SCF KANSAS CITY MO 640 (640, 641, 644-647, 649, 660-662, 664-668)"
665,"SCF KANSAS CITY MO 640 (640, 641, 644-647, 649, 660-662, 664-668)"
666,"SCF KANSAS CITY MO 640 (640, 641, 644-647, 649, 660-662, 664-668)"
667,"SCF KANSAS CITY MO 640 (640, 641, 644-647, 649, 660-662, 664-668)"
668,"SCF KANSAS CITY MO 640 (640, 641, 644-647, 649, 660-662, 664-668)"
242,"SCF KNOXVILLE TN 377 (242, 376-379, 407-409, 417, 418, 425, 426)"
376,"SCF KNOXVILLE TN 377 (242, 376-379, 407-409, 417, 418, 425, 426)"
377,"SCF KNOXVILLE TN 377 (242, 376-379, 407-409, 417, 418, 425, 426)"
378,"SCF KNOXVILLE TN 377 (242, 376-379, 407-409, 417, 418, 425, 426)"
379,"SCF KNOXVILLE TN 377 (242, 376-379, 407-409, 417, 418, 425, 426)"
407,"SCF KNOXVILLE TN 377 (242, 376-379, 407-409, 417, 418, 425, 426)"
408,"SCF KNOXVILLE TN 377 (242, 376-379, 407-409, 417, 418, 425, 426)"
409,"SCF KNOXVILLE TN 377 (242, 376-379, 407-409, 417, 418, 425, 426)"
417,"SCF KNOXVILLE TN 377 (242, 376-379, 407-409, 417, 418, 425, 426)"
418,"SCF KNOXVILLE TN 377 (242, 376-379, 407-409, 417, 418, 425, 426)"
425,"SCF KNOXVILLE TN 377 (242, 376-379, 407-409, 417, 418, 425, 426)"
426,"SCF KNOXVILLE TN 377 (242, 376-379, 407-409, 417, 418, 425, 426)"
705,"SCF LAFAYETTE LA 705 (705, 706)"
706,"SCF LAFAYETTE LA 705 (705, 706)"
488,"SCF LANSING MI 488 (488, 489)"
489,"SCF LANSING MI 488 (488, 489)"
864,"SCF LAS VEGAS NV 890 (864, 889-891, 893)"
889,"SCF LAS VEGAS NV 890 (864, 889-891, 893)"
890,"SCF LAS VEGAS NV 890 (864, 889-891, 893)"
891,"SCF LAS VEGAS NV 890 (864, 889-891, 893)"
893,"SCF LAS VEGAS NV 890 (864, 889-891, 893)"
180,SCF LEHIGH VALLEY PA 180 (180-188)
181,SCF LEHIGH VALLEY PA 180 (180-188)
182,SCF LEHIGH VALLEY PA 180 (180-188)
183,SCF LEHIGH VALLEY PA 180 (180-188)
184,SCF LEHIGH VALLEY PA 180 (180-188)
185,SCF LEHIGH VALLEY PA 180 (180-188)
186,SCF LEHIGH VALLEY PA 180 (180-188)
187,SCF LEHIGH VALLEY PA 180 (180-188)
188,SCF LEHIGH VALLEY PA 180 (180-188)
403,SCF LEXINGTON KY 403 (403-406)
404,SCF LEXINGTON KY 403 (403-406)
405,SCF LEXINGTON KY 403 (403-406)
406,SCF LEXINGTON KY 403 (403-406)
210,"SCF LINTHICUM MD 210 (210, 211, 214)"
211,"SCF LINTHICUM MD 210 (210, 211, 214)"
214,"SCF LINTHICUM MD 210 (210, 211, 214)"
716,"SCF LITTLE ROCK AR 720 (716, 717, 719-722, 725, 728)"
717,"SCF LITTLE ROCK AR 720 (716, 717, 719-722, 725, 728)"
719,"SCF LITTLE ROCK AR 720 (716, 717, 719-722, 725, 728)"
720,"SCF LITTLE ROCK AR 720 (716, 717, 719-722, 725, 728)"
721,"SCF LITTLE ROCK AR 720 (716, 717, 719-722, 725, 728)"
722,"SCF LITTLE ROCK AR 720 (716, 717, 719-722, 725, 728)"
725,"SCF LITTLE ROCK AR 720 (716, 717, 719-722, 725, 728)"
728,"SCF LITTLE ROCK AR 720 (716, 717, 719-722, 725, 728)"
900,"SCF LOS ANGELES CA 900 (900-905, 907, 908)"
901,"SCF LOS ANGELES CA 900 (900-905, 907, 908)"
902,"SCF LOS ANGELES CA 900 (900-905, 907, 908)"
903,"SCF LOS ANGELES CA 900 (900-905, 907, 908)"
904,"SCF LOS ANGELES CA 900 (900-905, 907, 908)"
905,"SCF LOS ANGELES CA 900 (900-905, 907, 908)"
907,"SCF LOS ANGELES CA 900 (900-905, 907, 908)"
908,"SCF LOS ANGELES CA 900 (900-905, 907, 908)"
400,"SCF LOUISVILLE KY 400 (400-402, 427, 471)"
401,"SCF LOUISVILLE KY 400 (400-402, 427, 471)"
402,"SCF LOUISVILLE KY 400 (400-402, 427, 471)"
427,"SCF LOUISVILLE KY 400 (400-402, 427, 471)"
471,"SCF LOUISVILLE KY 400 (400-402, 427, 471)"
793,"SCF LUBBOCK TX 793 (793, 794, 881, 882)"
794,"SCF LUBBOCK TX 793 (793, 794, 881, 882)"
881,"SCF LUBBOCK TX 793 (793, 794, 881, 882)"
882,"SCF LUBBOCK TX 793 (793, 794, 881, 882)"
304,"SCF MACON GA 310 (304, 310, 312, 318, 319)"
310,"SCF MACON GA 310 (304, 310, 312, 318, 319)"
312,"SCF MACON GA 310 (304, 310, 312, 318, 319)"
318,"SCF MACON GA 310 (304, 310, 312, 318, 319)"
319,"SCF MACON GA 310 (304, 310, 312, 318, 319)"
535,"SCF MADISON WI 535 (535, 537-539)"
537,"SCF MADISON WI 535 (535, 537-539)"
538,"SCF MADISON WI 535 (535, 537-539)"
539,"SCF MADISON WI 535 (535, 537-539)"
337,"SCF MANASOTA FL 342 (337, 338, 342)"
338,"SCF MANASOTA FL 342 (337, 338, 342)"
342,"SCF MANASOTA FL 342 (337, 338, 342)"
30,"SCF MANCHESTER NH 030 (030-034, 038)"
31,"SCF MANCHESTER NH 030 (030-034, 038)"
32,"SCF MANCHESTER NH 030 (030-034, 038)"
33,"SCF MANCHESTER NH 030 (030-034, 038)"
34,"SCF MANCHESTER NH 030 (030-034, 038)"
38,"SCF MANCHESTER NH 030 (030-034, 038)"
560,"SCF MANKATO MN 560 (560, 561)"
561,"SCF MANKATO MN 560 (560, 561)"
975,"SCF MEDFORD OR 975 (975, 976)"
976,"SCF MEDFORD OR 975 (975, 976)"
375,"SCF MEMPHIS TN 380 (375, 380-383, 386, 388, 723, 724)"
380,"SCF MEMPHIS TN 380 (375, 380-383, 386, 388, 723, 724)"
381,"SCF MEMPHIS TN 380 (375, 380-383, 386, 388, 723, 724)"
382,"SCF MEMPHIS TN 380 (375, 380-383, 386, 388, 723, 724)"
383,"SCF MEMPHIS TN 380 (375, 380-383, 386, 388, 723, 724)"
386,"SCF MEMPHIS TN 380 (375, 380-383, 386, 388, 723, 724)"
388,"SCF MEMPHIS TN 380 (375, 380-383, 386, 388, 723, 724)"
723,"SCF MEMPHIS TN 380 (375, 380-383, 386, 388, 723, 724)"
724,"SCF MEMPHIS TN 380 (375, 380-383, 386, 388, 723, 724)"
480,"SCF METROPLEX MI 480 (480, 483-487)"
483,"SCF METROPLEX MI 480 (480, 483-487)"
484,"SCF METROPLEX MI 480 (480, 483-487)"
485,"SCF METROPLEX MI 480 (480, 483-487)"
486,"SCF METROPLEX MI 480 (480, 483-487)"
487,"SCF METROPLEX MI 480 (480, 483-487)"
330,SCF MIAMI FL 331 (330-333)
331,SCF MIAMI FL 331 (330-333)
332,SCF MIAMI FL 331 (330-333)
333,SCF MIAMI FL 331 (330-333)
124,SCF MID-HUDSON NY 125 (124-127)
125,SCF MID-HUDSON NY 125 (124-127)
126,SCF MID-HUDSON NY 125 (124-127)
127,SCF MID-HUDSON NY 125 (124-127)
5,"SCF MID-ISLAND NY 117 (005, 117, 118, 119)"
117,"SCF MID-ISLAND NY 117 (005, 117, 118, 119)"
118,"SCF MID-ISLAND NY 117 (005, 117, 118, 119)"
119,"SCF MID-ISLAND NY 117 (005, 117, 118, 119)"
635,"SCF MID-MISSOURI MO 650 (635, 650-653)"
650,"SCF MID-MISSOURI MO 650 (635, 650-653)"
651,"SCF MID-MISSOURI MO 650 (635, 650-653)"
652,"SCF MID-MISSOURI MO 650 (635, 650-653)"
653,"SCF MID-MISSOURI MO 650 (635, 650-653)"
18,"SCF MIDDLESEX-ESX MA 018 (018, 019, 055)"
19,"SCF MIDDLESEX-ESX MA 018 (018, 019, 055)"
55,"SCF MIDDLESEX-ESX MA 018 (018, 019, 055)"
530,"SCF MILWAUKEE WI 530 (530-532, 534, 549)"
531,"SCF MILWAUKEE WI 530 (530-532, 534, 549)"
532,"SCF MILWAUKEE WI 530 (530-532, 534, 549)"
534,"SCF MILWAUKEE WI 530 (530-532, 534, 549)"
549,"SCF MILWAUKEE WI 530 (530-532, 534, 549)"
553,SCF MINNEAPOLIS MN 553 (553-555)
554,SCF MINNEAPOLIS MN 553 (553-555)
555,SCF MINNEAPOLIS MN 553 (553-555)
587,"SCF MINOT ND 587 (587, 588)"
588,"SCF MINOT ND 587 (587, 588)"
598,"SCF MISSOULA MT 598 (598, 599)"
599,"SCF MISSOULA MT 598 (598, 599)"
365,"SCF MOBILE AL 365 (365, 366)"
366,"SCF MOBILE AL 365 (365, 366)"
360,"SCF MONTGOMERY AL 360 (360, 361, 363, 364, 367, 368)"
361,"SCF MONTGOMERY AL 360 (360, 361, 363, 364, 367, 368)"
363,"SCF MONTGOMERY AL 360 (360, 361, 363, 364, 367, 368)"
364,"SCF MONTGOMERY AL 360 (360, 361, 363, 364, 367, 368)"
367,"SCF MONTGOMERY AL 360 (360, 361, 363, 364, 367, 368)"
368,"SCF MONTGOMERY AL 360 (360, 361, 363, 364, 367, 368)"
370,"SCF NASHVILLE TN 370 (370-372, 384, 385, 421, 422)"
371,"SCF NASHVILLE TN 370 (370-372, 384, 385, 421, 422)"
372,"SCF NASHVILLE TN 370 (370-372, 384, 385, 421, 422)"
384,"SCF NASHVILLE TN 370 (370-372, 384, 385, 421, 422)"
385,"SCF NASHVILLE TN 370 (370-372, 384, 385, 421, 422)"
421,"SCF NASHVILLE TN 370 (370-372, 384, 385, 421, 422)"
422,"SCF NASHVILLE TN 370 (370-372, 384, 385, 421, 422)"
700,"SCF NEW ORLEANS LA 700 (700, 701, 703, 704)"
701,"SCF NEW ORLEANS LA 700 (700, 701, 703, 704)"
703,"SCF NEW ORLEANS LA 700 (700, 701, 703, 704)"
704,"SCF NEW ORLEANS LA 700 (700, 701, 703, 704)"
100,"SCF NEW YORK NY 100 (100-102, 104)"
101,"SCF NEW YORK NY 100 (100-102, 104)"
102,"SCF NEW YORK NY 100 (100-102, 104)"
104,"SCF NEW YORK NY 100 (100-102, 104)"
74,"SCF NNJ METRO NJ 076 (074-076, 078)"
75,"SCF NNJ METRO NJ 076 (074-076, 078)"
76,"SCF NNJ METRO NJ 076 (074-076, 078)"
78,"SCF NNJ METRO NJ 076 (074-076, 078)"
686,"SCF NORFOLK NE 687 (686, 687)"
687,"SCF NORFOLK NE 687 (686, 687)"
233,SCF NORFOLK VA 233 (233-237)
234,SCF NORFOLK VA 233 (233-237)
235,SCF NORFOLK VA 233 (233-237)
236,SCF NORFOLK VA 233 (233-237)
237,SCF NORFOLK VA 233 (233-237)
759,"SCF NORTH HOUSTON TX 773 (759, 773-775, 778)"
773,"SCF NORTH HOUSTON TX 773 (759, 773-775, 778)"
774,"SCF NORTH HOUSTON TX 773 (759, 773-775, 778)"
775,"SCF NORTH HOUSTON TX 773 (759, 773-775, 778)"
778,"SCF NORTH HOUSTON TX 773 (759, 773-775, 778)"
300,"SCF NORTH METRO GA 300 (300, 305, 306)"
305,"SCF NORTH METRO GA 300 (300, 305, 306)"
306,"SCF NORTH METRO GA 300 (300, 305, 306)"
677,"SCF NORTH PLATTE NE 691 (677, 690-693)"
690,"SCF NORTH PLATTE NE 691 (677, 690-693)"
691,"SCF NORTH PLATTE NE 691 (677, 690-693)"
692,"SCF NORTH PLATTE NE 691 (677, 690-693)"
693,"SCF NORTH PLATTE NE 691 (677, 690-693)"
750,"SCF NORTH TEXAS TX 750 (750, 754, 757, 758)"
754,"SCF NORTH TEXAS TX 750 (750, 754, 757, 758)"
757,"SCF NORTH TEXAS TX 750 (750, 754, 757, 758)"
758,"SCF NORTH TEXAS TX 750 (750, 754, 757, 758)"
220,SCF NORTHERN VA VA 220 (220-223)
221,SCF NORTHERN VA VA 220 (220-223)
222,SCF NORTHERN VA VA 220 (220-223)
223,SCF NORTHERN VA VA 220 (220-223)
726,"SCF NW ARKANSAS AR 727 (726, 727, 729)"
727,"SCF NW ARKANSAS AR 727 (726, 727, 729)"
729,"SCF NW ARKANSAS AR 727 (726, 727, 729)"
945,"SCF OAKLAND CA 945 (945-949, 954)"
946,"SCF OAKLAND CA 945 (945-949, 954)"
947,"SCF OAKLAND CA 945 (945-949, 954)"
948,"SCF OAKLAND CA 945 (945-949, 954)"
949,"SCF OAKLAND CA 945 (945-949, 954)"
954,"SCF OAKLAND CA 945 (945-949, 954)"
730,"SCF OKLAHOMA CITY OK 730 (730, 731, 734-738, 748)"
731,"SCF OKLAHOMA CITY OK 730 (730, 731, 734-738, 748)"
734,"SCF OKLAHOMA CITY OK 730 (730, 731, 734-738, 748)"
735,"SCF OKLAHOMA CITY OK 730 (730, 731, 734-738, 748)"
736,"SCF OKLAHOMA CITY OK 730 (730, 731, 734-738, 748)"
737,"SCF OKLAHOMA CITY OK 730 (730, 731, 734-738, 748)"
738,"SCF OKLAHOMA CITY OK 730 (730, 731, 734-738, 748)"
748,"SCF OKLAHOMA CITY OK 730 (730, 731, 734-738, 748)"
515,"SCF OMAHA NE 680 (515, 516, 680, 681, 683-685)"
516,"SCF OMAHA NE 680 (515, 516, 680, 681, 683-685)"
680,"SCF OMAHA NE 680 (515, 516, 680, 681, 683-685)"
681,"SCF OMAHA NE 680 (515, 516, 680, 681, 683-685)"
683,"SCF OMAHA NE 680 (515, 516, 680, 681, 683-685)"
684,"SCF OMAHA NE 680 (515, 516, 680, 681, 683-685)"
685,"SCF OMAHA NE 680 (515, 516, 680, 681, 683-685)"
321,"SCF ORLANDO FL 328 (321, 327-329, 347)"
327,"SCF ORLANDO FL 328 (321, 327-329, 347)"
328,"SCF ORLANDO FL 328 (321, 327-329, 347)"
329,"SCF ORLANDO FL 328 (321, 327-329, 347)"
347,"SCF ORLANDO FL 328 (321, 327-329, 347)"
600,"SCF PALATINE IL 600 (600, 602, 610, 611)"
602,"SCF PALATINE IL 600 (600, 602, 610, 611)"
610,"SCF PALATINE IL 600 (600, 602, 610, 611)"
611,"SCF PALATINE IL 600 (600, 602, 610, 611)"
324,"SCF PENSACOLA FL 325 (324, 325)"
325,"SCF PENSACOLA FL 325 (324, 325)"
613,SCF PEORIA IL 615 (613-616)
614,SCF PEORIA IL 615 (613-616)
615,SCF PEORIA IL 615 (613-616)
616,SCF PEORIA IL 615 (613-616)
189,"SCF PHILADELPHIA PA 190 (189-192, 194)"
190,"SCF PHILADELPHIA PA 190 (189-192, 194)"
191,"SCF PHILADELPHIA PA 190 (189-192, 194)"
192,"SCF PHILADELPHIA PA 190 (189-192, 194)"
194,"SCF PHILADELPHIA PA 190 (189-192, 194)"
850,"SCF PHOENIX AZ 852 (850-853, 855, 859, 860, 863)"
851,"SCF PHOENIX AZ 852 (850-853, 855, 859, 860, 863)"
852,"SCF PHOENIX AZ 852 (850-853, 855, 859, 860, 863)"
853,"SCF PHOENIX AZ 852 (850-853, 855, 859, 860, 863)"
855,"SCF PHOENIX AZ 852 (850-853, 855, 859, 860, 863)"
859,"SCF PHOENIX AZ 852 (850-853, 855, 859, 860, 863)"
860,"SCF PHOENIX AZ 852 (850-853, 855, 859, 860, 863)"
863,"SCF PHOENIX AZ 852 (850-853, 855, 859, 860, 863)"
150,"SCF PITTSBURGH PA 150 (150-154, 156, 160-162, 260, 265, 439)"
151,"SCF PITTSBURGH PA 150 (150-154, 156, 160-162, 260, 265, 439)"
152,"SCF PITTSBURGH PA 150 (150-154, 156, 160-162, 260, 265, 439)"
153,"SCF PITTSBURGH PA 150 (150-154, 156, 160-162, 260, 265, 439)"
154,"SCF PITTSBURGH PA 150 (150-154, 156, 160-162, 260, 265, 439)"
156,"SCF PITTSBURGH PA 150 (150-154, 156, 160-162, 260, 265, 439)"
160,"SCF PITTSBURGH PA 150 (150-154, 156, 160-162, 260, 265, 439)"
161,"SCF PITTSBURGH PA 150 (150-154, 156, 160-162, 260, 265, 439)"
162,"SCF PITTSBURGH PA 150 (150-154, 156, 160-162, 260, 265, 439)"
260,"SCF PITTSBURGH PA 150 (150-154, 156, 160-162, 260, 265, 439)"
265,"SCF PITTSBURGH PA 150 (150-154, 156, 160-162, 260, 265, 439)"
439,"SCF PITTSBURGH PA 150 (150-154, 156, 160-162, 260, 265, 439)"
832,"SCF POCATELLO ID 832 (832, 834)"
834,"SCF POCATELLO ID 832 (832, 834)"
970,"SCF PORTLAND OR 970 (970-973, 986)"
971,"SCF PORTLAND OR 970 (970-973, 986)"
972,"SCF PORTLAND OR 970 (970-973, 986)"
973,"SCF PORTLAND OR 970 (970-973, 986)"
986,"SCF PORTLAND OR 970 (970-973, 986)"
25,SCF PROVIDENCE RI 028 (025-029)
26,SCF PROVIDENCE RI 028 (025-029)
27,SCF PROVIDENCE RI 028 (025-029)
28,SCF PROVIDENCE RI 028 (025-029)
29,SCF PROVIDENCE RI 028 (025-029)
845,SCF PROVO UT 845 (845-847)
846,SCF PROVO UT 845 (845-847)
847,SCF PROVO UT 845 (845-847)
526,"SCF QUAD CITIES IL 612 (526-528, 612)"
527,"SCF QUAD CITIES IL 612 (526-528, 612)"
528,"SCF QUAD CITIES IL 612 (526-528, 612)"
612,"SCF QUAD CITIES IL 612 (526-528, 612)"
110,"SCF QUEENS NY 110 (110, 111, 113, 114)"
111,"SCF QUEENS NY 110 (110, 111, 113, 114)"
113,"SCF QUEENS NY 110 (110, 111, 113, 114)"
114,"SCF QUEENS NY 110 (110, 111, 113, 114)"
275,SCF RALEIGH NC 275 (275-277)
276,SCF RALEIGH NC 275 (275-277)
277,SCF RALEIGH NC 275 (275-277)
894,"SCF RENO NV 894 (894, 895, 897, 961)"
895,"SCF RENO NV 894 (894, 895, 897, 961)"
897,"SCF RENO NV 894 (894, 895, 897, 961)"
961,"SCF RENO NV 894 (894, 895, 897, 961)"
224,"SCF RICHMOND VA 230 (224-225, 228-232, 238-239, 244)"
225,"SCF RICHMOND VA 230 (224-225, 228-232, 238-239, 244)"
228,"SCF RICHMOND VA 230 (224-225, 228-232, 238-239, 244)"
229,"SCF RICHMOND VA 230 (224-225, 228-232, 238-239, 244)"
230,"SCF RICHMOND VA 230 (224-225, 228-232, 238-239, 244)"
231,"SCF RICHMOND VA 230 (224-225, 228-232, 238-239, 244)"
232,"SCF RICHMOND VA 230 (224-225, 228-232, 238-239, 244)"
238,"SCF RICHMOND VA 230 (224-225, 228-232, 238-239, 244)"
244,"SCF RICHMOND VA 230 (224-225, 228-232, 238-239, 244)"
240,"SCF ROANOKE VA 240 (240, 241, 243, 245)"
241,"SCF ROANOKE VA 240 (240, 241, 243, 245)"
243,"SCF ROANOKE VA 240 (240, 241, 243, 245)"
245,"SCF ROANOKE VA 240 (240, 241, 243, 245)"
144,"SCF ROCHESTER NY 144 (144-146, 148, 149)"
145,"SCF ROCHESTER NY 144 (144-146, 148, 149)"
146,"SCF ROCHESTER NY 144 (144-146, 148, 149)"
148,"SCF ROCHESTER NY 144 (144-146, 148, 149)"
149,"SCF ROCHESTER NY 144 (144-146, 148, 149)"
829,SCF ROCK SPRINGS WY 829 (829-831)
830,SCF ROCK SPRINGS WY 829 (829-831)
831,SCF ROCK SPRINGS WY 829 (829-831)
278,"SCF ROCKY MOUNT NC 278 (278, 279)"
279,"SCF ROCKY MOUNT NC 278 (278, 279)"
942,"SCF SACRAMENTO CA 956 (942, 952, 953, 956-959)"
952,"SCF SACRAMENTO CA 956 (942, 952, 953, 956-959)"
953,"SCF SACRAMENTO CA 956 (942, 952, 953, 956-959)"
956,"SCF SACRAMENTO CA 956 (942, 952, 953, 956-959)"
957,"SCF SACRAMENTO CA 956 (942, 952, 953, 956-959)"
958,"SCF SACRAMENTO CA 956 (942, 952, 953, 956-959)"
959,"SCF SACRAMENTO CA 956 (942, 952, 953, 956-959)"
669,"SCF SALINA KS 674 (669, 674)"
674,"SCF SALINA KS 674 (669, 674)"
840,SCF SALT LAKE CTY UT 840 (840-844)
841,SCF SALT LAKE CTY UT 840 (840-844)
842,SCF SALT LAKE CTY UT 840 (840-844)
843,SCF SALT LAKE CTY UT 840 (840-844)
844,SCF SALT LAKE CTY UT 840 (840-844)
780,"SCF SAN ANTONIO TX 780 (780-782, 788)"
781,"SCF SAN ANTONIO TX 780 (780-782, 788)"
782,"SCF SAN ANTONIO TX 780 (780-782, 788)"
788,"SCF SAN ANTONIO TX 780 (780-782, 788)"
919,SCF SAN DIEGO CA 920 (919-921)
920,SCF SAN DIEGO CA 920 (919-921)
921,SCF SAN DIEGO CA 920 (919-921)
940,"SCF SAN FRANCISCO CA 940 (940, 941, 943, 944)"
941,"SCF SAN FRANCISCO CA 940 (940, 941, 943, 944)"
943,"SCF SAN FRANCISCO CA 940 (940, 941, 943, 944)"
944,"SCF SAN FRANCISCO CA 940 (940, 941, 943, 944)"
939,"SCF SAN JOSE CA 950 (939, 950, 951)"
950,"SCF SAN JOSE CA 950 (939, 950, 951)"
951,"SCF SAN JOSE CA 950 (939, 950, 951)"
6,SCF SAN JUAN PR 006 (006-009)
7,SCF SAN JUAN PR 006 (006-009)
8,SCF SAN JUAN PR 006 (006-009)
9,SCF SAN JUAN PR 006 (006-009)
926,"SCF SANTA ANA CA 926 (926, 927)"
927,"SCF SANTA ANA CA 926 (926, 927)"
930,"SCF SANTA BARBARA CA 931 (930, 931, 934)"
931,"SCF SANTA BARBARA CA 931 (930, 931, 934)"
934,"SCF SANTA BARBARA CA 931 (930, 931, 934)"
910,SCF SANTA CLARITA CA 913 (910-916)
911,SCF SANTA CLARITA CA 913 (910-916)
912,SCF SANTA CLARITA CA 913 (910-916)
913,SCF SANTA CLARITA CA 913 (910-916)
914,SCF SANTA CLARITA CA 913 (910-916)
915,SCF SANTA CLARITA CA 913 (910-916)
916,SCF SANTA CLARITA CA 913 (910-916)
980,SCF SEATTLE WA 980 (980-982)
981,SCF SEATTLE WA 980 (980-982)
982,SCF SEATTLE WA 980 (980-982)
710,"SCF SHREVEPORT LA 710 (710-714, 718, 755, 756)"
711,"SCF SHREVEPORT LA 710 (710-714, 718, 755, 756)"
712,"SCF SHREVEPORT LA 710 (710-714, 718, 755, 756)"
713,"SCF SHREVEPORT LA 710 (710-714, 718, 755, 756)"
714,"SCF SHREVEPORT LA 710 (710-714, 718, 755, 756)"
718,"SCF SHREVEPORT LA 710 (710-714, 718, 755, 756)"
755,"SCF SHREVEPORT LA 710 (710-714, 718, 755, 756)"
756,"SCF SHREVEPORT LA 710 (710-714, 718, 755, 756)"
510,"SCF SIOUX FALLS SD 570 (510-513, 570, 571)"
511,"SCF SIOUX FALLS SD 570 (510-513, 570, 571)"
512,"SCF SIOUX FALLS SD 570 (510-513, 570, 571)"
513,"SCF SIOUX FALLS SD 570 (510-513, 570, 571)"
570,"SCF SIOUX FALLS SD 570 (510-513, 570, 571)"
571,"SCF SIOUX FALLS SD 570 (510-513, 570, 571)"
922,SCF SN BERNARDINO CA 923 (922-925)
923,SCF SN BERNARDINO CA 923 (922-925)
924,SCF SN BERNARDINO CA 923 (922-925)
925,SCF SN BERNARDINO CA 923 (922-925)
465,"SCF SOUTH BEND IN 465 (465, 466)"
466,"SCF SOUTH BEND IN 465 (465, 466)"
80,SCF SOUTH JERSEY NJ 080 (080-084)
81,SCF SOUTH JERSEY NJ 080 (080-084)
82,SCF SOUTH JERSEY NJ 080 (080-084)
83,SCF SOUTH JERSEY NJ 080 (080-084)
84,SCF SOUTH JERSEY NJ 080 (080-084)
206,"SCF SOUTHERN MD MD 207 (206, 207)"
207,"SCF SOUTHERN MD MD 207 (206, 207)"
39,"SCF SOUTHERN ME 040 (039-043, 045, 048)"
40,"SCF SOUTHERN ME 040 (039-043, 045, 048)"
41,"SCF SOUTHERN ME 040 (039-043, 045, 048)"
42,"SCF SOUTHERN ME 040 (039-043, 045, 048)"
43,"SCF SOUTHERN ME 040 (039-043, 045, 048)"
45,"SCF SOUTHERN ME 040 (039-043, 045, 048)"
48,"SCF SOUTHERN ME 040 (039-043, 045, 048)"
835,"SCF SPOKANE WA 990 (835, 838, 990-994)"
838,"SCF SPOKANE WA 990 (835, 838, 990-994)"
990,"SCF SPOKANE WA 990 (835, 838, 990-994)"
991,"SCF SPOKANE WA 990 (835, 838, 990-994)"
992,"SCF SPOKANE WA 990 (835, 838, 990-994)"
993,"SCF SPOKANE WA 990 (835, 838, 990-994)"
994,"SCF SPOKANE WA 990 (835, 838, 990-994)"
623,"SCF SPRINGFIELD IL 625 (623, 625-627)"
625,"SCF SPRINGFIELD IL 625 (623, 625-627)"
626,"SCF SPRINGFIELD IL 625 (623, 625-627)"
627,"SCF SPRINGFIELD IL 625 (623, 625-627)"
648,"SCF SPRINGFIELD MO 656 (648, 654-658)"
654,"SCF SPRINGFIELD MO 656 (648, 654-658)"
655,"SCF SPRINGFIELD MO 656 (648, 654-658)"
656,"SCF SPRINGFIELD MO 656 (648, 654-658)"
657,"SCF SPRINGFIELD MO 656 (648, 654-658)"
658,"SCF SPRINGFIELD MO 656 (648, 654-658)"
562,SCF ST CLOUD MN 563 (562-564)
563,SCF ST CLOUD MN 563 (562-564)
564,SCF ST CLOUD MN 563 (562-564)
620,"SCF ST LOUIS MO 630 (620, 622, 628-631, 633, 634)"
622,"SCF ST LOUIS MO 630 (620, 622, 628-631, 633, 634)"
628,"SCF ST LOUIS MO 630 (620, 622, 628-631, 633, 634)"
629,"SCF ST LOUIS MO 630 (620, 622, 628-631, 633, 634)"
630,"SCF ST LOUIS MO 630 (620, 622, 628-631, 633, 634)"
631,"SCF ST LOUIS MO 630 (620, 622, 628-631, 633, 634)"
633,"SCF ST LOUIS MO 630 (620, 622, 628-631, 633, 634)"
634,"SCF ST LOUIS MO 630 (620, 622, 628-631, 633, 634)"
540,"SCF ST PAUL MN 550 (540, 550, 551, 559)"
550,"SCF ST PAUL MN 550 (540, 550, 551, 559)"
551,"SCF ST PAUL MN 550 (540, 550, 551, 559)"
559,"SCF ST PAUL MN 550 (540, 550, 551, 559)"
208,"SCF SUBURBAN MD MD 208 (208, 209)"
209,"SCF SUBURBAN MD MD 208 (208, 209)"
130,SCF SYRACUSE NY 130 (130-139)
131,SCF SYRACUSE NY 130 (130-139)
132,SCF SYRACUSE NY 130 (130-139)
133,SCF SYRACUSE NY 130 (130-139)
134,SCF SYRACUSE NY 130 (130-139)
135,SCF SYRACUSE NY 130 (130-139)
136,SCF SYRACUSE NY 130 (130-139)
137,SCF SYRACUSE NY 130 (130-139)
138,SCF SYRACUSE NY 130 (130-139)
139,SCF SYRACUSE NY 130 (130-139)
983,SCF TACOMA WA 983 (983-985)
984,SCF TACOMA WA 983 (983-985)
985,SCF TACOMA WA 983 (983-985)
316,"SCF TALLAHASSEE FL 323 (316, 317, 323, 398)"
317,"SCF TALLAHASSEE FL 323 (316, 317, 323, 398)"
323,"SCF TALLAHASSEE FL 323 (316, 317, 323, 398)"
398,"SCF TALLAHASSEE FL 323 (316, 317, 323, 398)"
335,"SCF TAMPA FL 335 (335, 336, 346)"
336,"SCF TAMPA FL 335 (335, 336, 346)"
346,"SCF TAMPA FL 335 (335, 336, 346)"
434,SCF TOLEDO OH 434 (434-436)
435,SCF TOLEDO OH 434 (434-436)
436,SCF TOLEDO OH 434 (434-436)
496,"SCF TRAVERSE CITY MI 496 (496, 497)"
497,"SCF TRAVERSE CITY MI 496 (496, 497)"
77,"SCF TRENTON NJ 085 (077, 085-087)"
85,"SCF TRENTON NJ 085 (077, 085-087)"
86,"SCF TRENTON NJ 085 (077, 085-087)"
87,"SCF TRENTON NJ 085 (077, 085-087)"
856,"SCF TUCSON AZ 856 (856, 857)"
857,"SCF TUCSON AZ 856 (856, 857)"
740,"SCF TULSA OK 740 (740, 741, 743-747, 749)"
741,"SCF TULSA OK 740 (740, 741, 743-747, 749)"
743,"SCF TULSA OK 740 (740, 741, 743-747, 749)"
744,"SCF TULSA OK 740 (740, 741, 743-747, 749)"
745,"SCF TULSA OK 740 (740, 741, 743-747, 749)"
746,"SCF TULSA OK 740 (740, 741, 743-747, 749)"
747,"SCF TULSA OK 740 (740, 741, 743-747, 749)"
749,"SCF TULSA OK 740 (740, 741, 743-747, 749)"
202,SCF WASHINGTON DC 202 (202-205)
203,SCF WASHINGTON DC 202 (202-205)
204,SCF WASHINGTON DC 202 (202-205)
205,SCF WASHINGTON DC 202 (202-205)
504,"SCF WATERLOO IA 506 (504, 506, 507, 521)"
506,"SCF WATERLOO IA 506 (504, 506, 507, 521)"
507,"SCF WATERLOO IA 506 (504, 506, 507, 521)"
521,"SCF WATERLOO IA 506 (504, 506, 507, 521)"
334,"SCF WEST PALM BCH FL 334 (334, 349)"
349,"SCF WEST PALM BCH FL 334 (334, 349)"
66,"SCF WESTCHESTER NY 105 (066, 068, 069, 105-109)"
68,"SCF WESTCHESTER NY 105 (066, 068, 069, 105-109)"
69,"SCF WESTCHESTER NY 105 (066, 068, 069, 105-109)"
105,"SCF WESTCHESTER NY 105 (066, 068, 069, 105-109)"
106,"SCF WESTCHESTER NY 105 (066, 068, 069, 105-109)"
107,"SCF WESTCHESTER NY 105 (066, 068, 069, 105-109)"
108,"SCF WESTCHESTER NY 105 (066, 068, 069, 105-109)"
109,"SCF WESTCHESTER NY 105 (066, 068, 069, 105-109)"
35,"SCF WHITE RIV JCT VT 050 (035-037, 050-053, 057-059)"
36,"SCF WHITE RIV JCT VT 050 (035-037, 050-053, 057-059)"
37,"SCF WHITE RIV JCT VT 050 (035-037, 050-053, 057-059)"
50,"SCF WHITE RIV JCT VT 050 (035-037, 050-053, 057-059)"
51,"SCF WHITE RIV JCT VT 050 (035-037, 050-053, 057-059)"
52,"SCF WHITE RIV JCT VT 050 (035-037, 050-053, 057-059)"
53,"SCF WHITE RIV JCT VT 050 (035-037, 050-053, 057-059)"
56,"SCF WHITE RIV JCT VT 050 (035-037, 050-053, 057-059)"
57,"SCF WHITE RIV JCT VT 050 (035-037, 050-053, 057-059)"
57,"SCF WHITE RIV JCT VT 050 (035-037, 050-053, 057-059)"
58,"SCF WHITE RIV JCT VT 050 (035-037, 050-053, 057-059)"
59,"SCF WHITE RIV JCT VT 050 (035-037, 050-053, 057-059)"
670,"SCF WICHITA KS 670 (670-673, 675, 676, 678)"
671,"SCF WICHITA KS 670 (670-673, 675, 676, 678)"
672,"SCF WICHITA KS 670 (670-673, 675, 676, 678)"
673,"SCF WICHITA KS 670 (670-673, 675, 676, 678)"
675,"SCF WICHITA KS 670 (670-673, 675, 676, 678)"
676,"SCF WICHITA KS 670 (670-673, 675, 676, 678)"
678,"SCF WICHITA KS 670 (670-673, 675, 676, 678)"
193,"SCF WILMINGTON DE 197 (193, 197-199)"
197,"SCF WILMINGTON DE 197 (193, 197-199)"
198,"SCF WILMINGTON DE 197 (193, 197-199)"
199,"SCF WILMINGTON DE 197 (193, 197-199)"
200,WASHINGTON DC 200 (200)
544,WAUSAU WI 544 (544)
988,WENATCHEE WA 988 (988)
115,WESTERN NASSAU NY 115 (115)
989,YAKIMA WA 989 (989)